AA,Codon,Sr_optimal,Sr_relAdapt,Ce_optimal,Ce_relAdapt
A,gca,16.7561762,0.2561576362963592,8.78024853,0.19337414473840606
A,gcc,17.7228786,0.2709359603501501,43.0183126,0.9474252783040981
A,gcg,0.107411386,0.0016420361316728008,2.79594506,0.06157724156278199
A,gct,65.4135338,1,45.4054938,1
C,tgc,24.4897959,0.3243243240021914,73.6019737,1
C,tgt,75.5102041,1,26.3980263,0.3586592175856284
D,gac,23.5993209,0.30888888918266166,49.3188011,0.9731182799623945
D,gat,76.4006791,1,50.6811989,1
E,gaa,85.4227405,1,39.3289842,0.6482334881230059
E,gag,14.5772595,0.17064846450343044,60.6710158,1
F,ttc,52.184466,1,87.1638142,1
F,ttt,47.815534,0.916279070480476,12.8361858,0.1472650768878354
G,gga,63.4398496,1,82.2171882,1
G,ggc,2.16165414,0.03407407416047846,4.96955968,0.060444291379937995
G,ggg,0.751879699,0.011851851852435664,1.52909529,0.0185982435482998
G,ggt,33.6466165,0.5303703699196664,11.2841569,0.13724814904336513
H,cac,41.7431193,0.716535434071052,66.1244696,1
H,cat,58.2568807,1,33.8755304,0.5122994650077315
I,ata,10.1055807,0.1576470589263059,1.08049703,0.016109544914303258
I,atc,25.7918552,0.40235294113609416,67.0718531,1
I,att,64.1025641,1,31.8476499,0.4748288354657075
K,aaa,73.0088496,1,15.153279,0.1785959294761668
K,aag,26.9911504,0.36969696890005505,84.846721,1
L,cta,0.995732575,0.016949152549585508,1.21167615,0.031945788914412715
L,ctc,8.53485064,0.14527845037638493,37.9291353,1
L,ctg,0.426742532,0.007263922518819247,4.92013953,0.12971926438829204
L,ctt,58.7482219,1,37.6721131,0.9932236208928285
L,tta,17.4964438,0.29782082306732766,0.899577749,0.02371732816698302
L,ttg,13.7980085,0.23486682751840018,17.3673582,0.45788964242483016
M,atg,100,1,100,1
N,aac,33.6188437,0.506451613287128,75.4978063,1
N,aat,66.3811563,1,24.5021937,0.3245417966535009
P,cca,87.7419355,1,89.8942156,1
P,ccc,1.41935484,0.01617647059996756,2.04816565,0.022784176226796068
P,ccg,0.387096774,0.004411764702865484,4.32140446,0.04807210821248882
P,cct,10.4516129,0.11911764700016221,3.73621427,0.04156234352858629
Q,caa,96.7821782,1,67.3219373,1
Q,cag,3.21782178,0.03324808182504824,32.6780627,0.48539991584585607
R,aga,39.5644283,0.7703180213321306,24.1214058,0.5441441450383573
R,agg,1.81488203,0.03533568901084918,1.14483493,0.025825825798051025
R,cga,1.81488203,0.03533568901084918,4.47284345,0.10090090085009334
R,cgc,5.26315789,0.1024734981898725,24.8935037,0.5615615607215432
R,cgg,0.181488203,0.0035335689010849176,1.03833866,0.023423423455940263
R,cgt,51.3611615,1,44.3290735,1
S,agc,4.27586207,0.09687500009912108,10.1137488,0.2921428583787531
S,agt,11.862069,0.26875000099121094,3.65974283,0.10571428581332246
S,tca,30.3448276,0.6875000008496093,12.7843719,0.36928571425889184
S,tcc,7.5862069,0.17187500021240232,34.6191889,1
S,tcg,1.79310345,0.04062500007080078,11.5232443,0.33285714270446126
S,tct,44.137931,1,27.2997033,0.788571430106498
T,aca,34.8529412,0.7476340692449919,11.0067114,0.20603015054682963
T,acc,17.5,0.3753943214349829,53.4228188,1
T,acg,1.02941176,0.0220820188069938,4.24161074,0.07939698494531702
T,act,46.6176471,1,31.3288591,0.5864321614568192
V,gta,18.5086551,0.2842535784274614,4.71698113,0.1045211473440154
V,gtc,15.5792277,0.23926380382231172,45.1294427,1
V,gtg,0.798934754,0.012269938659917197,12.3738482,0.2741857080366738
V,gtt,65.1131824,1,37.779728,0.837141469952165
W,tgg,100,1,100,1
Y,tac,38.5269122,0.6267281110938435,77.9028133,1
Y,tat,61.4730878,1,22.0971867,0.2836506894161164
*,taa,0,NaN,0,NaN
*,tag,0,NaN,0,NaN
*,tga,0,NaN,0,NaN
