AA,Codon.Sr,Codon.Ce,Codon.Bm,Codon.Nb,Codon.Pp
*,taa,taa,taa,taa,tga
A,gct,gct,gca,gct,gct
C,tgt,tgc,tgt,tgc,tgc
D,gat,gat,gat,gat,gat
E,gaa,gag,gaa,gag,gag
F,ttc,ttc,ttt,ttc,ttc
G,gga,gga,ggt,gga,gga
H,cat,cac,cat,cac,cat
I,att,atc,att,atc,atc
K,aaa,aag,aaa,aag,aag
L,ctt,ctc,tta,ctg,ctc
M,atg,atg,atg,atg,atg
N,aat,aac,aat,aac,aat
P,cca,cca,cca,cca,cct
Q,caa,caa,caa,cag,cag
R,cgt,cgt,cga,cgt,aga
S,tct,tcc,tca,tcg,tct
T,act,acc,aca,acc,act
V,gtt,gtc,gtt,gtg,gtg
W,tgg,tgg,tgg,tgg,tgg
Y,tat,tac,tat,tac,tac
